{"cameraMode":{"drawMode":0,"name":"Shaded","section":"Shading Mode"},"sceneLighting":false,"audioPlay":false,"sceneViewState":{"showFog":true,"showMaterialUpdate":true,"showSkybox":false,"showFlares":true,"showImageEffects":true,"showParticleSystems":true},"in2DMode":false,"pivot":{"x":655.8693237304688,"y":988.7528686523438,"z":-15.67629337310791},"rotation":{"x":0.008596104569733143,"y":0.9908545017242432,"z":-0.11043889820575714,"w":0.07712982594966889},"size":443.79620361328127,"orthographic":false}